,exclamations,commas,dots,questions,token_count,polarity,positive,negative,subjective,objective,spelling_errors,text_complexity,smog,nouns,verbs,adverbs,determiners,ad_count,domain_type,fb_shares,fb_like,linkedin_shares,alexa_rank,rating
0,7,675,439,0,12093,1,137,2,137,2,107,15330.82322081936,14.265292616868656,1866,1050,1501,961,0,org,,,,12,5
3,1,11,6,1,178,1,5,2,5,2,0,110.55179462284202,14.265292616868656,30,20,18,8,0,com,,,,70219,3
6,0,0,3,1,30,0,,2,,2,0,13.879203588660916,14.265292616868656,5,7,2,1,0,com,,,,1668,4
7,2,3,1,0,57,1,2,,2,,0,34.98312707325737,14.265292616868656,6,4,8,3,0,com,,,,70219,3
8,0,0,3,1,30,0,,2,,2,0,13.879203588660916,14.265292616868656,5,7,2,1,0,com,,,,1668,4
9,0,0,2,0,19,1,1,,1,,1,7.986122593625963,14.265292616868656,4,3,1,3,0,com,,,,56,5
11,0,8,4,0,124,1,1,,1,,1,89.35319733335484,14.265292616868656,23,9,12,10,8,fm,,,,2133,4
12,0,5,5,0,111,1,2,1,2,1,0,64.336866467241,14.265292616868656,14,17,9,7,1,com,,,,108159,4
13,0,1,4,0,65,1,1,,1,,1,42.28021388610292,14.265292616868656,10,8,7,8,1,com,,,,71,5
21,0,1,0,0,15,1,1,,1,,0,4.668907502301862,14.265292616868656,3,,2,4,0,com,,,,16490,4
23,0,0,5,0,45,1,2,1,2,1,1,20.83153089845781,14.265292616868656,5,10,4,3,0,com,,,,54,4
24,0,73,61,0,1465,1,13,2,13,2,75,1615.0597134975028,14.265292616868656,223,127,165,125,0,org,,,,12,2
25,0,0,1,0,16,1,1,,1,,0,8.588182584953925,14.265292616868656,3,1,2,1,5,com,,,,1645,4
30,0,0,5,0,45,1,2,1,2,1,1,20.83153089845781,14.265292616868656,5,10,4,3,0,com,,,,54,4
31,0,0,1,0,26,1,1,,1,,1,10.0,14.265292616868656,5,3,2,3,12,com,,,,1645,4
33,0,0,6,2,103,1,1,,1,,1,67.60365984310735,14.265292616868656,16,13,8,6,6,com,,,,7118,4
36,1,12,10,0,222,1,9,,9,,7,177.45317188785023,14.265292616868656,24,17,19,8,5,com,,,,23893,3
38,0,0,0,0,19,0,,1,,1,0,10.0,14.265292616868656,6,2,3,3,1,com,,,,312,4
40,0,173,181,0,3775,1,36,7,36,7,42,4387.519469850399,14.265292616868656,607,395,436,330,0,org,,,,12,5
42,0,41,55,0,987,1,1,1,1,1,5,833.2012364177766,14.265292616868656,124,142,83,86,0,com,,,,310,4
43,0,43,48,0,1122,1,19,6,19,6,17,1057.8459264923924,14.265292616868656,180,111,128,93,0,org,,,,12,5
45,0,118,102,1,2327,1,22,13,22,13,14,2500.7903507524256,14.265292616868656,398,246,244,233,0,org,,,,12,5
49,0,2,1,0,47,0,1,1,1,1,0,28.329178995432617,14.265292616868656,9,8,5,3,5,com,,,,76,5
54,0,0,5,0,45,1,2,1,2,1,1,20.83153089845781,14.265292616868656,5,10,4,3,0,com,,,,54,2
56,0,65,67,0,1492,0,28,30,28,30,13,1474.3475163750531,14.265292616868656,241,200,119,168,7,com,,,,480,5
58,0,26,38,0,737,0,,1,,1,9,766.0296662172414,14.265292616868656,137,96,64,74,0,com,,,,310,4
62,0,10,12,0,196,1,6,,6,,7,194.6057939474698,14.265292616868656,35,16,21,17,0,com,,,,647,4
63,0,55,64,0,1352,0,12,14,12,14,7,1124.4835923651142,14.265292616868656,200,181,124,117,7,com,,,,480,4
67,0,44,37,1,936,1,5,4,5,4,7,801.1333134617678,14.265292616868656,192,103,97,100,0,com,,,,2423011,3
68,0,5,5,0,111,1,2,1,2,1,0,64.336866467241,14.265292616868656,14,17,9,7,1,com,,,,108159,3
70,0,6,8,0,128,0,1,2,1,2,0,102.65727624087422,14.265292616868656,23,15,11,12,1,com,,,,43261,4
72,0,10,13,0,271,0,2,4,2,4,7,239.72902874378156,14.265292616868656,59,33,25,35,6,com,,,,76,5
74,0,1,2,0,25,1,2,,2,,1,7.224719895935549,14.265292616868656,4,3,4,2,1,com,,,,10093,5
78,0,27,34,0,721,0,8,10,8,10,4,683.3751735420022,14.265292616868656,229,70,77,88,1,com,,,,9806,3
81,1,682,403,0,11038,1,91,9,91,9,102,14333.149061108255,14.265292616868656,1721,1045,1254,931,0,org,,,,12,5
84,0,0,3,1,30,0,,2,,2,0,13.879203588660916,14.265292616868656,5,7,2,1,0,com,,,,1668,4
86,0,222,148,1,3267,1,50,1,50,1,31,3386.674920665152,14.265292616868656,468,278,334,252,0,org,,,,12,5
87,0,0,2,0,21,0,,2,,2,0,8.568636235841012,14.265292616868656,6,3,2,3,0,com,,,,2412,4
89,0,11,5,0,126,1,1,,1,,3,100.24903627556239,14.265292616868656,17,10,10,7,8,fm,,,,2133,4
93,0,1,0,0,72,1,3,,3,,0,44.090360102690646,14.265292616868656,10,6,5,2,10,com,,,,856,4
94,3,14,6,0,212,1,2,,2,,2,202.96673275092058,14.265292616868656,36,22,26,15,0,com,,,,107931,5
95,0,1,2,0,38,1,1,1,1,1,0,20.91763166343065,14.265292616868656,3,2,5,3,0,com,,,,70219,3
97,0,2,4,0,24,0,,1,,1,2,14.481263579988878,14.265292616868656,1,2,2,,0,com,,,,9045,3
99,0,64,66,0,1384,1,6,,6,,23,1560.6061415406905,14.265292616868656,206,130,159,118,1,com,,,,77960,4
101,0,24,44,1,865,1,13,4,13,4,10,1000.7675927549665,14.265292616868656,122,86,81,62,1,com,,,,9806,4
104,0,1,1,0,43,1,4,1,4,1,1,26.56248520675638,14.265292616868656,6,8,7,1,8,com,,,,3191,4
106,0,5,5,0,111,1,2,1,2,1,0,64.336866467241,14.265292616868656,14,17,9,7,1,com,,,,108159,4
108,5,251,21,12,4900,1,146,2,146,2,20,3117.0996717516737,14.265292616868656,502,118,127,128,1,com,,,,71,5
109,0,22,27,0,478,1,5,5,5,5,4,299.05191268701606,14.265292616868656,62,59,32,42,0,com,,,,480,5
110,0,1,1,0,26,1,2,,2,,0,9.397940008672037,14.265292616868656,6,3,2,1,0,com,,,,14584,5
112,0,26,21,0,358,1,17,1,17,1,5,325.43621921614215,14.265292616868656,58,22,15,12,3,com,,,,7118,4
113,3,16,26,10,442,0,2,13,2,13,4,257.4808934694913,14.265292616868656,48,61,26,46,0,com,,,,70219,3
115,0,1,0,0,15,1,1,,1,,0,4.668907502301862,14.265292616868656,3,,2,4,0,com,,,,16490,3
116,2,0,8,0,140,1,2,,2,,2,73.13190260254865,14.265292616868656,28,21,4,5,5,com,,,,17681,3
117,3,11,7,0,268,1,3,1,3,1,4,212.157801915152,14.265292616868656,48,27,29,31,9,com,,,,101716,3
118,0,6,2,0,51,1,1,,1,,2,29.533298978088542,14.265292616868656,8,4,3,1,0,com,,,,651492,3
119,0,36,36,0,717,1,8,7,8,7,4,522.0276475158341,14.265292616868656,92,89,57,53,0,com,,,,480,4
120,1,1051,716,1,16589,1,155,12,155,12,111,21116.771995599713,14.265292616868656,2627,1562,1774,1314,0,org,,,,12,5
121,0,2,1,0,35,1,1,,1,,0,20.31557167210269,14.265292616868656,8,2,5,6,1,com,,,,491621,4
122,0,3,5,0,83,1,1,,1,,0,52.83826156960372,14.265292616868656,15,10,14,8,0,com,,,,64,5
123,1,534,55,7,10322,1,324,,324,,83,6448.20625503478,14.265292616868656,893,498,203,244,1,com,,,,71,5
124,0,0,3,1,30,0,,2,,2,0,13.879203588660916,14.265292616868656,5,7,2,1,0,com,,,,1668,3
126,0,225,361,0,5652,1,94,7,94,7,38,6008.82505918234,14.265292616868656,912,569,572,437,0,org,,,,12,5
127,0,0,2,0,19,1,1,,1,,1,7.986122593625963,14.265292616868656,4,3,1,3,0,com,,,,56,4
131,0,13,3,0,116,1,1,,1,,0,82.2175479300692,14.265292616868656,19,8,13,8,8,fm,,,,2133,4
134,0,1,3,0,37,1,2,,2,,0,18.982545143891738,14.265292616868656,3,5,4,1,0,com,,,,13,5
139,0,0,1,0,15,1,1,,1,,0,7.224719895935549,14.265292616868656,3,3,2,1,1,com,,,,491621,4
141,36,1255,970,104,20590,1,423,111,423,111,75,18702.50674082556,14.265292616868656,2438,2689,1600,1462,0,org,,,,9395,4
143,0,1,1,0,26,1,1,,1,,0,8.588182584953925,14.265292616868656,5,,4,2,5,com,,,,1645,4
145,0,1,2,0,38,1,1,1,1,1,0,23.694258426775786,14.265292616868656,9,3,5,5,0,com,,,,70219,3
147,0,3,3,0,48,1,2,,2,,1,25.418539921951663,14.265292616868656,7,1,7,4,5,com,,,,76,5
149,0,0,2,0,19,1,1,,1,,1,7.986122593625963,14.265292616868656,4,3,1,3,0,com,,,,56,5
155,0,5,5,0,111,1,2,1,2,1,0,64.336866467241,14.265292616868656,14,17,9,7,1,com,,,,108159,4
156,1,114,108,1,2241,1,46,6,46,6,6,2393.1856438321634,14.265292616868656,349,242,220,163,0,com,,,,480,4
157,0,91,91,0,1966,1,34,1,34,1,14,2194.039188236709,14.265292616868656,323,212,200,165,2,com,,,,77960,4
158,0,5,9,0,190,1,2,,2,,0,155.81869414756818,14.265292616868656,38,16,22,21,0,com,,,,42,5
159,0,2,0,0,20,1,1,,1,,0,11.455319536740477,14.265292616868656,1,1,1,1,5,com,,,,4222,3
160,1,128,105,0,2236,1,32,5,32,5,26,2382.4977809276525,14.265292616868656,372,256,259,150,0,org,,,,12,5
161,0,99,72,0,1787,1,25,12,25,12,24,1832.1989500571797,14.265292616868656,324,182,171,137,0,org,,,,12,5
162,0,2,2,0,60,1,4,,4,,0,46.87341627782739,14.265292616868656,15,7,5,4,3,com,,,,647,4
163,0,9,6,0,114,1,2,1,2,1,3,71.10779778273628,14.265292616868656,21,13,16,11,0,com,,,,46622,3
164,0,5,5,0,111,1,2,1,2,1,0,64.336866467241,14.265292616868656,14,17,9,7,1,com,,,,108159,5
165,0,1,2,0,44,1,2,,2,,2,19.713511680774726,14.265292616868656,11,5,6,4,0,com,,,,70219,4
166,0,0,1,0,25,0,,1,,1,1,11.455319536740477,14.265292616868656,4,3,4,3,0,com,,,,10093,4
167,0,2,1,0,27,1,1,,1,,1,8.588182584953925,14.265292616868656,2,5,3,2,1,com,,,,10093,4
168,0,2,11,0,116,1,1,,1,,3,50.26410320545279,14.265292616868656,10,18,10,9,3,com,,,,7118,3
178,0,8,7,0,115,1,2,,2,,3,72.64725652788158,14.265292616868656,22,14,16,8,4,com,,,,1645,4
179,0,3,3,0,45,1,1,,1,,4,22.594905091859513,14.265292616868656,1,2,6,1,1,com,,,,71,5
180,1,8,8,0,136,1,8,,8,,6,104.84653443407198,14.265292616868656,18,10,12,3,4,com,,,,23893,3
183,0,1,1,0,48,1,3,1,3,1,3,39.918364886254174,14.265292616868656,3,2,7,1,3,com,,,,2208,3
188,0,0,2,0,19,1,1,,1,,1,7.986122593625963,14.265292616868656,4,3,1,3,0,com,,,,56,4
189,0,1,0,0,7,1,1,,1,,0,1.4313637641589874,14.265292616868656,1,1,,1,1,com,,,,10603,3
190,0,0,2,0,39,1,2,,2,,2,26.56248520675638,14.265292616868656,7,5,6,2,5,com,,,,76,5
191,1,6,4,0,104,0,1,2,1,2,4,51.6341415869478,14.265292616868656,12,16,12,4,2,com,,,,310,4
192,0,1,0,0,24,0,,1,,1,0,7.9861225936259626,14.265292616868656,3,3,3,2,1,com,,,,9651,3
196,0,0,0,0,16,0,,1,,1,0,2.4082399653118496,14.265292616868656,1,1,2,3,4,com,,,,9603127,2
198,1,13,6,0,286,1,8,4,8,4,4,267.0837908287044,14.265292616868656,62,36,29,24,19,com,,,,364428,1
200,0,601,617,0,14993,1,165,68,165,68,116,19377.549382124755,14.265292616868656,3532,1415,1615,1438,0,org,,,,12,5
202,0,24,30,2,807,1,8,3,8,3,1,790.6219142512941,14.265292616868656,202,94,81,94,1,org,,,,31322,4
203,0,2,10,0,144,1,6,3,6,3,4,123.95732599862285,14.265292616868656,37,19,9,14,3,com,,,,22506,4
204,0,58,74,0,1396,1,13,12,13,12,7,1442.9177085653198,14.265292616868656,308,129,148,126,3,org,,,,20420,5
209,0,15,19,0,580,1,17,16,17,16,0,462.66418189261526,14.265292616868656,112,58,64,59,18,com,,,,4102,4
210,0,3,3,1,48,0,1,1,1,1,1,32.52300980975058,14.265292616868656,11,6,7,3,5,com,,,,76,4
211,0,22,41,0,877,0,4,5,4,5,5,810.225225868001,14.265292616868656,193,96,106,104,0,com,,,,162,5
212,0,27,25,0,626,1,6,1,6,1,8,625.6709688185426,14.265292616868656,138,53,57,62,9,com,,,,437,4
213,0,176,184,0,4650,1,55,19,55,19,35,5670.336633917956,14.265292616868656,972,451,473,479,0,org,,,,12,4
215,0,20,14,0,359,1,5,1,5,1,4,248.13743222778493,14.265292616868656,77,30,27,32,0,com,,,,162,4
217,88,691,849,147,17296,0,48,107,48,107,41,18271.059097870162,14.265292616868656,2946,2224,1364,1601,8,com,,,,43178,3
218,0,4,2,0,53,1,1,,1,,1,36.187247055913296,14.265292616868656,14,9,4,2,0,com,,,,131659,3
220,0,58,58,1,1281,1,19,8,19,8,5,1364.6861240052074,14.265292616868656,311,135,144,121,0,com,,,,158409,2
224,4,76,63,12,1745,1,45,28,45,28,14,2064.851400625202,14.265292616868656,334,155,125,146,0,com,,,,4669973,2
225,0,10,9,0,194,1,3,1,3,1,0,188.22388252805027,14.265292616868656,55,28,14,15,0,org,,,,82763,4
227,0,46,38,14,1064,1,19,14,19,14,5,1134.848592508197,14.265292616868656,260,109,113,76,0,org,,,,772447,4
230,0,38,30,3,730,0,4,5,4,5,5,604.3590744243241,14.265292616868656,113,93,63,84,1,com,,,,13946,2
231,0,41,63,0,988,1,32,12,32,12,5,947.5819864644182,14.265292616868656,222,108,90,76,0,com,,,,299774,2
232,0,41,43,1,1243,1,5,3,5,3,2,1247.9374125078507,14.265292616868656,302,112,121,127,2,com,,,,3098571,4
233,0,0,2,1,39,0,1,1,1,1,1,16.04579249949533,14.265292616868656,4,6,3,1,0,com,,,,611463,4
239,0,29,27,0,662,1,9,4,9,4,10,583.9557226660945,14.265292616868656,98,68,73,65,0,com,,,,534,4
240,0,2,2,0,42,1,3,,3,,0,14.239612525511445,14.265292616868656,4,9,4,3,1,gov,,,,5023,5
241,0,531,483,0,10957,1,131,65,131,65,61,14297.02846534057,14.265292616868656,2956,1115,1225,821,0,org,,,,12,5
244,0,1,1,0,32,1,2,,2,,1,16.04579249949533,14.265292616868656,11,3,3,3,0,org,,,,31513,4
246,0,0,0,1,11,0,,1,,1,0,2.8927900303521317,14.265292616868656,1,3,1,1,0,co.uk,,,,14639,4
247,0,5,3,0,76,1,1,,1,,0,66.17229607894835,14.265292616868656,22,6,8,5,1,gov,,,,999,5
248,0,407,370,2,9380,1,168,21,168,21,49,11692.283980534896,14.265292616868656,2095,820,1091,868,0,org,,,,12,3
249,0,43,42,2,1026,1,32,7,32,7,15,1205.2031294653302,14.265292616868656,268,80,89,66,0,org,,,,1751310,2
250,0,16,22,0,408,1,9,1,9,1,11,366.9351880173455,14.265292616868656,102,28,46,34,0,org,,,,12,5
251,0,2,2,0,42,1,3,,3,,0,14.239612525511445,14.265292616868656,4,9,4,3,1,gov,,,,5023,5
253,0,0,1,1,15,0,,1,,1,0,4.668907502301862,14.265292616868656,5,1,1,2,2,com,,,,10915,4
254,0,16,14,0,326,1,7,2,7,2,3,339.55457145568994,14.265292616868656,90,39,38,34,1,com,,,,22506,4
256,0,1,3,0,84,1,1,,1,,0,52.83826156960372,14.265292616868656,18,8,10,9,0,co.uk,,,,134,4
257,0,9,9,0,202,1,1,,1,,1,178.58481351334365,14.265292616868656,51,25,23,20,0,ch,,,,72189,5
259,0,3,4,1,78,1,2,1,2,1,3,54.822770044966425,14.265292616868656,11,6,10,4,0,co.uk,,,,134,4
263,0,16,14,0,377,1,7,,7,,2,328.9260341526179,14.265292616868656,85,27,49,38,0,org,,,,4414,3
264,0,4,3,0,55,1,2,,2,,0,40.001301973757876,14.265292616868656,13,7,7,2,19,com,,,,2543,3
266,0,96,58,2,1549,1,12,2,12,2,26,1796.2312182698058,14.265292616868656,407,105,210,157,12,com,,,,492,5
267,0,2,2,0,29,0,,1,,1,0,16.04579249949533,14.265292616868656,9,4,2,1,1,com,,,,10093,4
268,0,39,38,0,868,1,18,8,18,8,10,912.265071858231,14.265292616868656,202,77,84,70,0,org,,,,182958,3
271,0,2,15,0,139,1,6,1,6,1,1,91.05104041988156,14.265292616868656,20,15,15,12,1,gov,,,,244,5
272,0,108,127,7,2207,1,38,9,38,9,34,2386.5764185270828,14.265292616868656,502,171,221,194,7,com,,,,278352,4
274,0,7,4,0,72,1,2,,2,,0,46.646172496324326,14.265292616868656,18,9,5,5,0,com,,,,1092,5
277,0,2,3,0,31,0,2,2,2,2,0,12.348114961243537,14.265292616868656,4,7,1,3,0,org,,,,289067,4
280,0,0,4,0,27,1,3,,3,,1,11.746054969915575,14.265292616868656,7,,5,2,0,com,,,,3575581,4
281,0,0,2,0,48,1,2,1,2,1,0,31.796917946182017,14.265292616868656,10,4,4,3,0,net,,,,3046994,4
282,0,10,41,0,776,1,7,2,7,2,86,1235.3491596053443,14.265292616868656,25,8,11,9,1,com,,,,36962,4
285,0,239,205,0,5138,1,88,12,88,12,32,6637.136917965155,14.265292616868656,1131,493,560,387,0,org,,,,12,4
287,0,93,72,0,1461,1,17,5,17,5,11,1756.4301912820947,14.265292616868656,391,113,141,99,0,org,,,,12,5
292,0,0,0,0,11,1,1,,1,,0,4.668907502301862,14.265292616868656,,2,2,2,1,com,,,,9806,4
295,0,62,56,0,1273,1,10,8,10,8,23,1676.1510664549141,14.265292616868656,296,96,146,95,19,com,,,,4102,4
297,0,0,4,0,40,1,2,1,2,1,1,22.86495465394476,14.265292616868656,8,8,3,4,2,com,,,,2200,4
299,0,8,14,1,209,1,5,1,5,1,1,151.5801953236523,14.265292616868656,49,25,19,9,0,org,,,,42132,5
300,0,64,35,3,1115,1,22,8,22,8,3,1374.402061914466,14.265292616868656,323,128,102,61,0,org,,,,9103034,3
304,0,0,2,0,19,1,1,,1,,1,7.986122593625963,14.265292616868656,4,3,1,3,0,com,,,,56,4
305,0,3,2,0,77,1,3,,3,,0,60.245339700049534,14.265292616868656,21,9,12,9,0,org,,,,161595,4
315,0,494,460,2,11562,1,32,17,32,17,39,16658.330145858356,14.265292616868656,2494,1288,1140,1024,0,gov,,,,4264,5
319,0,0,2,0,19,1,1,,1,,1,7.986122593625963,14.265292616868656,4,3,1,3,0,com,,,,56,4
321,0,2,4,0,59,1,2,,2,,0,26.020599913279625,14.265292616868656,10,8,4,3,4,org,,,,2324233,5
323,0,0,1,0,13,1,2,,2,,1,4.0668475109739,14.265292616868656,4,2,1,,13,com,,,,332,4
324,0,0,2,0,19,1,1,,1,,1,7.986122593625963,14.265292616868656,4,3,1,3,0,com,,,,56,4
326,0,15,9,1,302,1,4,1,4,1,2,212.5809293610124,14.265292616868656,50,32,29,23,5,com,,,,76,4
327,0,333,279,0,7592,1,75,38,75,38,47,9206.247544212818,14.265292616868656,1787,706,902,540,0,org,,,,12,5
328,0,17,16,1,294,1,3,2,3,2,2,213.67393786821503,14.265292616868656,47,36,27,25,5,com,,,,76,4
329,0,48,44,0,964,1,6,3,6,3,6,1053.7467989295562,14.265292616868656,240,119,85,76,2,com,,,,1125,4
334,0,8,8,0,163,1,3,,3,,1,121.62522777037799,14.265292616868656,28,27,14,18,0,net,,,,4480652,2
339,1,65,44,4,1292,1,18,12,18,12,8,1203.651226195163,14.265292616868656,215,157,118,98,1,org,,,,61141,4
340,0,1,2,0,32,1,1,,1,,0,12.348114961243537,14.265292616868656,6,4,2,4,1,com,,,,56,4
341,0,87,51,1,1375,0,12,21,12,21,6,1377.270397664383,14.265292616868656,291,148,117,114,12,com,,,,1141,4
352,0,118,85,8,2422,1,7,5,7,5,22,3029.275024931964,14.265292616868656,577,228,264,167,2,com,,,,3098571,4
353,1,83,64,0,1261,1,21,2,21,2,12,1509.4919932121854,14.265292616868656,305,164,139,75,5,com,,,,2774,4
356,0,0,5,0,45,1,2,1,2,1,1,20.83153089845781,14.265292616868656,5,10,4,3,0,com,,,,54,3
357,0,20,21,2,480,1,5,4,5,4,0,443.1126934532539,14.265292616868656,99,66,41,35,4,com,,,,23171,3
360,0,660,551,3,12907,1,165,23,165,23,96,17030.384674783912,14.265292616868656,3282,1158,1471,875,0,org,,,,12,5
361,0,3,1,0,35,1,2,,2,,1,22.262894662616798,14.265292616868656,11,2,4,1,1,gov,,,,48330,5
362,0,29,39,2,502,1,8,2,8,2,2,416.20951146177674,14.265292616868656,154,29,48,29,0,gov,,,,117378,5
363,0,1,6,0,137,1,6,2,6,2,2,130.9966348931301,14.265292616868656,29,13,13,11,2,com,,,,22506,5
365,0,154,163,0,3095,1,50,4,50,4,21,3396.704605837917,14.265292616868656,652,279,418,277,0,org,,,,12,5
366,0,0,2,0,21,0,,2,,2,0,8.568636235841012,14.265292616868656,6,3,2,3,0,com,,,,2412,4
367,0,80,49,0,1318,1,23,1,23,1,19,1316.9480460243296,14.265292616868656,328,80,124,79,0,org,,,,12,5
368,0,0,2,0,18,0,,1,,1,1,7.224719895935549,14.265292616868656,2,3,3,1,0,gov,,,,9617,5
369,0,17,22,0,510,1,3,2,3,2,3,497.6557149825958,14.265292616868656,105,62,39,53,3,com,,,,647,3
373,0,0,0,1,11,0,,1,,1,0,2.8927900303521317,14.265292616868656,1,3,1,1,0,co.uk,,,,14639,4
376,0,1,1,0,34,1,1,,1,,0,22.594905091859513,14.265292616868656,11,3,5,3,0,com,,,,515853,4
378,0,72,71,0,1628,1,23,9,23,9,28,2161.771302297685,14.265292616868656,365,113,129,85,1,edu,,,,587,5
380,0,0,1,0,19,1,1,,1,,0,12.9501749525715,14.265292616868656,6,2,2,1,0,gov,,,,244,5
381,0,20,10,0,268,1,7,3,7,3,1,254.62451143007422,14.265292616868656,69,27,21,10,1,com,,,,1144947,5
383,0,1,1,0,20,0,,1,,1,0,7.224719895935549,14.265292616868656,5,3,3,1,0,org,,,,1323457,4
384,0,0,1,0,12,0,,1,,1,0,5.915686280099798,14.265292616868656,3,1,2,1,1,gov,,,,2950,5
385,0,2,2,0,34,1,1,1,1,1,0,12.348114961243537,14.265292616868656,5,7,1,2,0,com,,,,13,5
387,2,12,24,0,458,1,11,1,11,1,19,536.6495657417751,14.265292616868656,96,49,43,33,0,com,,,,350998,5
388,0,3,2,0,28,1,2,,2,,0,20.00222712562679,14.265292616868656,12,,2,,0,gov,,,,117378,5
391,0,39,32,0,760,1,6,1,6,1,6,828.1823051287693,14.265292616868656,207,81,71,43,1,com,,,,9806,4
392,2,217,209,39,2748,1,26,2,26,2,37,3827.9710385197463,14.265292616868656,396,110,204,97,1,com,,,,103982,4
395,0,0,2,0,27,1,1,1,1,1,0,9.397940008672037,14.265292616868656,3,6,,4,2,com,,,,290611,5
403,0,0,2,0,19,1,1,,1,,1,7.986122593625963,14.265292616868656,4,3,1,3,0,com,,,,56,5
405,0,29,23,1,628,1,5,3,5,3,6,605.4501950144394,14.265292616868656,125,69,66,62,0,co.uk,,,,134,5
406,0,152,37,0,1341,1,23,7,23,7,91,1664.4765436825555,14.265292616868656,195,110,115,107,1,com,,,,697,4
408,0,714,623,3,17720,0,41,62,41,62,313,23778.376478507053,14.265292616868656,3977,1654,2080,1703,2,org,,,,34056,4
409,0,32,27,0,726,1,12,6,12,6,6,695.3231501897094,14.265292616868656,160,93,89,91,0,co.uk,,,,14639,5
412,0,44,35,0,799,1,14,13,14,13,5,769.2022632909996,14.265292616868656,134,103,76,95,0,com,,,,480,4
413,0,3,15,0,115,1,1,1,1,1,1,72.64725652788157,14.265292616868656,29,13,11,10,0,gov,,,,131,5
415,0,4,10,6,255,1,7,6,7,6,3,193.31118295797532,14.265292616868656,43,34,22,13,1,com,,,,167027,3
417,0,10,12,1,257,0,2,4,2,4,3,190.64361042260686,14.265292616868656,48,29,19,21,21,com,,,,332,5
418,0,0,2,1,39,0,1,1,1,1,1,16.04579249949533,14.265292616868656,4,6,3,1,0,com,,,,611463,5
420,0,47,51,1,1185,1,26,6,26,6,6,1142.588453054238,14.265292616868656,285,142,115,112,1,com,,,,9806,4
422,0,28,26,0,645,1,6,4,6,4,14,634.8570679910667,14.265292616868656,146,77,79,70,0,com,,,,534,4
424,0,0,2,1,39,0,1,1,1,1,1,16.04579249949533,14.265292616868656,4,6,3,1,0,com,,,,319,4
429,0,31,18,0,573,1,12,6,12,6,5,497.61261032831624,14.265292616868656,102,60,64,52,6,com,7,,8,3781,5
430,0,442,409,0,9591,1,91,57,91,57,129,12162.718108901865,14.265292616868656,2437,937,1127,807,0,org,,,,12,5
432,0,20,23,0,454,1,8,1,8,1,2,346.81163095063386,14.265292616868656,75,45,44,46,0,com,,,,3842,4
433,0,1,2,0,33,1,1,,1,,0,10.853259545412515,14.265292616868656,6,6,2,3,10,com,,,,4486,5
435,0,14,12,1,311,1,6,2,6,2,3,260.4904964903152,14.265292616868656,54,27,33,45,0,org,,,,402,5
437,0,6,11,0,226,1,3,1,3,1,4,197.1808491894804,14.265292616868656,47,26,26,28,0,com,,,,647,4
439,0,47,51,1,1185,1,26,6,26,6,6,1142.588453054238,14.265292616868656,285,142,115,112,1,com,,,,9806,4
440,0,167,121,10,3023,1,21,14,21,14,12,3440.1400901585707,14.265292616868656,725,304,312,269,0,com,,,,6887496,4
444,6,17,22,2,804,1,7,1,7,1,2,799.7778354576853,14.265292616868656,176,121,78,63,7,com,,,,976110,3
445,1,14,7,0,148,1,3,,3,,0,115.04617603363663,14.265292616868656,25,15,10,8,0,com,,,,4656,4
447,2,40,49,0,1720,1,57,26,57,26,4,1593.5315120805417,14.265292616868656,369,204,159,150,1,com,,,,2344,3
450,1,59,94,5,1182,1,8,8,8,8,7,1269.1977439051352,14.265292616868656,200,102,104,73,2,ca,,,,3611747,3
453,0,35,18,0,407,0,,2,,2,2,344.20732664972576,14.265292616868656,110,37,47,33,0,com,,,,28076,4
455,0,38,64,0,1033,0,,1,,1,18,1040.9660497631637,14.265292616868656,229,90,109,110,0,com,,,,2781511,3
457,0,18,10,0,265,1,1,1,1,1,2,229.47442710552977,14.265292616868656,63,15,22,26,0,gov,,,,8928,5
459,0,2,2,0,34,1,1,1,1,1,0,12.348114961243537,14.265292616868656,5,7,1,2,0,com,,,,13,5
460,0,2,2,0,34,1,1,1,1,1,0,12.348114961243537,14.265292616868656,5,7,1,2,0,com,,,,13,5
461,0,68,58,0,924,1,1,,1,,9,998.0302777761746,14.265292616868656,196,79,96,69,3,ca,,,,3611747,4
463,0,196,140,11,2903,0,19,33,19,33,10,3152.388656249089,14.265292616868656,580,310,248,255,0,com,,,,6281248,4
464,0,0,3,0,21,1,1,,1,,1,7.384062602298,14.265292616868656,5,2,2,3,0,com,,,,2412,4
473,0,20,18,0,466,1,11,,11,,7,469.3834504012,14.265292616868656,124,55,59,47,2,com,,,,89481,4
477,0,40,52,2,880,1,15,10,15,10,3,806.3040360166341,14.265292616868656,216,94,72,52,8,com,,,,2774,1
479,0,11,14,0,191,1,1,1,1,1,1,142.46641534943018,14.265292616868656,50,21,18,14,2,com,,,,182098,4
485,0,116,96,16,2302,0,9,14,9,14,14,2346.2256498507777,14.265292616868656,518,259,238,196,6,com,7,,8,3781,5
486,0,85,71,0,2057,1,41,34,41,34,4,2306.881145787538,14.265292616868656,606,256,197,136,1,com,,,,13303,5
487,0,5,3,1,68,0,2,2,2,2,1,40.376118183582776,14.265292616868656,8,18,2,2,1,org,,,,12979,4
489,0,16,8,0,237,1,4,3,4,3,1,183.74642767260468,14.265292616868656,65,26,34,12,0,com,,,,70081,3
490,0,22,25,0,392,1,15,14,15,14,1,375.7513439457441,14.265292616868656,86,41,47,27,0,com,,,,480,4
492,0,53,35,0,990,1,10,6,10,6,5,1091.2350456178342,14.265292616868656,264,102,99,67,0,com,,,,3842,4
493,0,11,9,0,199,1,1,,1,,0,170.94490709331907,14.265292616868656,53,22,21,16,0,org,,,,8187634,4
495,1,0,2,0,32,0,,1,,1,0,12.348114961243537,14.265292616868656,6,5,3,1,0,com,,,,119236,4
497,0,4,8,0,158,1,2,,2,,0,106.88336713928976,14.265292616868656,31,23,13,19,0,com,,,,5445,4
499,0,70,35,7,1007,1,11,3,11,3,2,951.7916938990945,14.265292616868656,238,88,120,83,0,org,,,,8187634,4
502,0,25,26,0,629,1,13,6,13,6,0,551.8760768033465,14.265292616868656,124,80,51,50,8,com,,,,162508,4
503,0,20,12,0,375,1,2,1,2,1,1,299.1026759305349,14.265292616868656,95,37,46,38,20,com,,,,332,5
504,2,4,1,0,64,1,2,1,2,1,3,43.82397254355058,14.265292616868656,11,8,4,2,1,gov,,,,422,5
505,0,28,23,0,688,1,15,9,15,9,3,732.2063175642263,14.265292616868656,170,66,80,52,0,com,,,,925163,4
507,1,0,2,0,32,0,,1,,1,0,12.348114961243537,14.265292616868656,6,5,3,1,0,com,,,,119236,4
517,0,21,61,4,1376,1,13,7,13,7,1,1073.8553039553747,14.265292616868656,284,173,128,112,1,com,,,,32800,4
520,0,3,8,10,237,0,,7,,7,2,140.95394272208054,14.265292616868656,62,21,18,25,21,com,,,,332,5
521,0,87,90,10,2295,1,35,25,35,25,13,2496.3056671056625,14.265292616868656,539,233,185,202,0,gov,,,,422,5
522,0,6,6,0,147,1,1,1,1,1,2,97.74787492706353,14.265292616868656,30,15,17,17,0,gov,,,,422,5
532,1,0,2,0,32,0,,1,,1,0,12.348114961243537,14.265292616868656,6,5,3,1,0,com,,,,119236,4
537,0,0,3,0,85,1,10,1,10,1,0,92.94720303911235,14.265292616868656,13,5,4,3,0,com,,,,3832883,2
540,2,386,364,23,8747,0,59,82,59,82,84,11556.098998383324,14.265292616868656,1960,897,967,851,0,com,,,,1570350,1
542,0,19,18,0,382,1,5,2,5,2,0,299.41155089808194,14.265292616868656,94,35,49,51,0,com,,,,106155,3
544,1,0,2,0,32,0,,1,,1,0,12.348114961243537,14.265292616868656,6,5,3,1,0,com,,,,119236,4
545,0,1,4,1,103,0,1,2,1,2,0,49.60071783146085,14.265292616868656,17,13,8,8,0,com,,,,11,2
548,0,17,12,0,344,0,1,4,1,4,7,301.18336372602676,14.265292616868656,86,30,40,36,0,com,,,,582,3
552,0,32,30,0,811,1,7,7,7,7,5,785.7061108886977,14.265292616868656,178,84,88,89,0,com,,,,11,3
556,0,66,75,16,1784,0,20,32,20,32,8,1997.5565368074622,14.265292616868656,467,188,182,141,1,int,,,,729,4
562,0,4,2,0,46,1,6,1,6,1,0,11.604128778696532,14.265292616868656,11,6,2,1,2,com,,,,11593,2
563,11,144,189,2,4008,1,90,22,90,22,26,3619.6007108374492,14.265292616868656,717,453,313,349,0,com,,,,584539,3
564,1,62,59,3,1433,1,21,8,21,8,6,1337.7936563988342,14.265292616868656,265,178,137,140,0,com,,,,7239204,3
566,3,65,71,2,1601,1,51,36,51,36,12,1560.1818353497265,14.265292616868656,345,178,119,124,0,com,,,,95024,4
574,0,0,0,0,7,1,1,,1,,0,1.4313637641589874,14.265292616868656,2,1,1,1,0,com,,,,5445,2
576,0,0,1,0,26,0,,1,,1,0,7.224719895935549,14.265292616868656,4,4,4,2,5,com,,,,11593,3
582,0,14,21,0,405,0,3,3,3,3,1,298.4764015775802,14.265292616868656,82,45,34,37,0,net,,,,1348748,3
585,0,57,67,0,1464,1,21,13,21,13,7,1506.0917906142695,14.265292616868656,324,145,102,146,0,com,,,,319368,3
593,0,0,2,2,50,1,2,1,2,1,0,23.010299956639813,14.265292616868656,9,8,3,5,2,com,,,,47257,3
595,0,2,2,0,34,1,1,1,1,1,0,12.348114961243537,14.265292616868656,5,7,1,2,0,com,,,,13,5
596,1,22,31,2,673,0,2,2,2,2,4,567.9734017672565,14.265292616868656,151,89,65,82,4,org,,,,11793,3
600,0,92,98,8,2210,1,38,36,38,36,1,1812.745030222899,14.265292616868656,510,289,179,191,0,com,,,,514,4
601,2,41,61,5,1299,1,17,16,17,16,7,1138.8451744365905,14.265292616868656,256,178,117,107,0,com,,,,1402390,2
603,0,24,17,2,509,0,4,5,4,5,2,388.3240777549098,14.265292616868656,114,66,43,28,0,com,,,,5445,2
604,1,0,2,0,32,0,,1,,1,0,12.348114961243537,14.265292616868656,6,5,3,1,0,com,,,,119236,3
605,0,19,21,0,452,1,5,3,5,3,0,327.1190512057582,14.265292616868656,94,76,36,34,8,com,,,,43178,2
607,1,0,2,0,32,0,,1,,1,0,12.348114961243537,14.265292616868656,6,5,3,1,0,com,,,,119236,3
608,1,0,2,0,32,0,,1,,1,0,12.348114961243537,14.265292616868656,6,5,3,1,0,com,,,,119236,3
609,1,27,43,4,999,1,11,7,11,7,1,896.3456575249857,14.265292616868656,231,141,108,76,1,com,,,,59188,4
611,0,14,35,2,582,0,1,4,1,4,0,424.7430332883324,14.265292616868656,105,88,42,54,0,com,1,,,19136,4
614,1,24,34,0,715,0,1,2,1,2,0,558.140922269808,14.265292616868656,125,105,55,88,3,com,,,,804695,2
615,0,0,11,0,87,1,3,2,3,2,0,41.60801954535826,14.265292616868656,21,12,4,4,1,com,,,,21632,2
617,1,0,2,0,32,0,,1,,1,0,12.348114961243537,14.265292616868656,6,5,3,1,0,com,,,,119236,3
618,0,20,6,5,323,0,4,5,4,5,0,173.20244524688536,14.265292616868656,61,36,27,31,0,com,1,,,19136,2
620,0,1,2,1,88,0,1,1,1,1,1,60.24279592364766,14.265292616868656,15,18,5,5,2,com,,,,1125,4
622,3,74,101,4,2244,1,21,8,21,8,5,2066.906869175034,14.265292616868656,459,326,233,174,0,com,,,,1402390,2
623,0,5,5,0,111,1,2,1,2,1,0,64.336866467241,14.265292616868656,14,17,9,7,1,com,,,,108159,4
626,0,8,29,0,556,1,4,,4,,1,456.5806847446207,14.265292616868656,128,77,58,47,4,org,,,,11793,2
632,0,0,2,2,50,1,2,1,2,1,0,23.010299956639813,14.265292616868656,9,8,3,5,2,com,,,,47257,2
634,0,27,59,3,1098,1,12,8,12,8,6,973.5370604640465,14.265292616868656,195,155,102,102,8,com,,,,439954,2
635,0,7,8,0,214,1,3,,3,,0,140.12842491185765,14.265292616868656,47,28,24,18,2,com,,,,804695,2
636,2,32,35,2,636,0,5,13,5,13,1,528.1395284562198,14.265292616868656,138,87,54,45,2,com,,,,2311958,2
637,0,4,2,0,53,1,1,,1,,1,36.187247055913296,14.265292616868656,14,9,4,2,0,com,,,,131659,2
638,0,0,2,2,50,1,2,1,2,1,0,23.010299956639813,14.265292616868656,9,8,3,5,2,com,,,,47257,3
640,1,14,27,0,583,1,6,3,6,3,4,397.7967381239396,14.265292616868656,96,77,52,59,0,com,,,,2412,2
641,0,109,133,6,2705,0,20,26,20,26,5,2515.288274646237,14.265292616868656,494,392,288,195,3,com,,,,170550,4
642,0,63,73,1,1183,0,,1,,1,3,964.5984832012888,14.265292616868656,233,140,115,91,0,com,,,,310,4
644,0,10,12,1,254,1,7,3,7,3,2,164.66770447087765,14.265292616868656,37,34,21,20,0,com,,,,11,1
646,1,1,17,0,276,1,12,5,12,5,3,209.42824424586536,14.265292616868656,50,24,25,20,0,com,,,,11,1
647,0,75,90,2,1939,0,5,12,5,12,8,1858.2969089331734,14.265292616868656,420,255,164,179,0,com,,,,514,4
650,0,37,52,6,977,1,11,11,11,11,1,772.2211380484001,14.265292616868656,184,147,78,74,1,com,,,,9806,4
651,0,2,4,0,98,1,2,,2,,4,77.87135274918722,14.265292616868656,18,9,13,8,0,com,,,,144215,4
653,2,116,165,31,3105,0,22,34,22,34,61,3406.794458973521,14.265292616868656,619,387,298,242,0,com,,,,627,3
655,1,27,66,1,950,1,12,8,12,8,10,796.7893123461815,14.265292616868656,190,106,82,63,4,com,,,,514,4
656,0,11,15,0,301,1,5,,5,,1,242.8935535899214,14.265292616868656,70,38,39,24,0,com,1,,,19136,3
657,0,4,1,0,35,1,1,,1,,3,20.31557167210269,14.265292616868656,8,4,4,3,1,com,,,,118299,4
659,0,2,1,1,56,1,4,,4,,2,24.8164799306237,14.265292616868656,7,4,7,4,2,com,,,,224464,2
663,0,17,46,0,833,0,,1,,1,9,624.8222518779799,14.265292616868656,185,100,71,88,0,com,,,,11,1
665,4,75,103,6,2314,1,26,6,26,6,3,2137.3005327569404,14.265292616868656,465,284,201,234,0,com,,,,486714,2
667,0,3,5,0,136,0,,1,,1,0,76.62675262422874,14.265292616868656,27,16,12,16,3,co.uk,,,,1445,4
669,0,24,28,6,482,1,5,4,5,4,5,438.8822164417788,14.265292616868656,98,69,51,33,0,com,,,,23401,2
677,0,33,28,2,609,1,5,4,5,4,2,552.1230568109843,14.265292616868656,132,68,62,70,0,com,1,,,19136,3
678,0,41,36,2,763,0,6,7,6,7,5,656.0968504657886,14.265292616868656,144,81,80,74,0,com,,,,627,3
682,0,235,200,0,4833,1,59,27,59,27,44,5740.459735172968,14.265292616868656,1239,425,593,419,0,org,,,,12,3
684,0,33,39,2,661,1,10,5,10,5,0,616.5600987555454,14.265292616868656,148,73,77,59,0,com,1,,,19136,3
685,0,123,155,20,3104,0,23,29,23,29,9,3203.0977528544995,14.265292616868656,703,315,311,296,0,com,,,,391102,2
686,0,0,7,0,100,0,1,2,1,2,0,50.264103205452805,14.265292616868656,17,14,8,7,0,com,,,,11,1
687,4,41,39,6,889,1,13,8,13,8,1,620.6326491509344,14.265292616868656,132,95,72,60,0,com,,,,3647505,2
688,0,2,9,0,62,1,1,1,1,1,0,21.99284510053155,14.265292616868656,5,10,3,5,0,com,,,,11,1
689,0,109,133,6,2705,0,20,26,20,26,5,2515.288274646237,14.265292616868656,494,392,288,195,3,com,,,,170550,4
690,0,0,2,2,50,1,2,1,2,1,0,23.010299956639813,14.265292616868656,9,8,3,5,2,com,,,,47257,3
692,0,16,41,0,700,1,4,2,4,2,0,616.5894484614239,14.265292616868656,188,87,66,69,0,com,,,,5445,2
696,0,41,65,2,1079,1,15,3,15,3,10,1062.5834906805283,14.265292616868656,223,105,101,82,0,com,,,,32393,4
697,0,12,26,0,421,0,3,7,3,7,5,342.8221854741368,14.265292616868656,92,56,37,33,0,com,,,,11,1
700,0,166,209,21,3527,1,45,24,45,24,98,3678.5037382969917,14.265292616868656,798,431,329,247,0,com,,,,627,2
702,0,74,110,1,1875,1,18,11,18,11,10,2016.2562325743322,14.265292616868656,425,211,186,189,0,com,,,,188519,4
704,2,109,84,17,2114,0,28,35,28,35,9,1713.1528597604142,14.265292616868656,363,233,175,197,6,com,,,,198859,2
706,8,28,28,10,645,0,2,9,2,9,0,365.0304764808662,14.265292616868656,94,83,64,57,0,com,1,,,19136,3
707,0,0,2,0,19,1,1,,1,,1,7.986122593625963,14.265292616868656,4,3,1,3,0,com,,,,56,4
710,2,116,165,31,3105,0,22,34,22,34,61,3406.794458973521,14.265292616868656,619,387,298,242,0,com,,,,627,3
712,0,16,16,3,564,0,4,4,4,4,1,541.1251975762651,14.265292616868656,109,73,46,48,0,com,,,,1492078,2
714,0,4,1,0,35,1,1,,1,,3,20.31557167210269,14.265292616868656,8,4,4,3,1,com,,,,118299,4
715,0,48,51,4,1264,1,39,18,39,18,16,1248.3283738222817,14.265292616868656,284,121,144,103,1,com,,,,3627,4
716,0,17,46,0,833,0,,1,,1,9,624.8222518779799,14.265292616868656,185,100,71,88,0,com,,,,11,1
717,0,10,10,0,237,0,1,2,1,2,0,149.91951987491632,14.265292616868656,52,31,24,22,0,com,,,,11,1
718,0,0,1,0,11,1,1,,1,,0,4.0668475109739,14.265292616868656,,2,1,,3,org,,,,2906,3
719,1,27,66,1,950,1,12,8,12,8,10,796.7893123461815,14.265292616868656,190,106,82,63,4,com,,,,514,4
720,0,166,194,20,4583,1,62,44,62,44,11,4361.570029426978,14.265292616868656,1067,575,436,448,0,gov,,,,14975,5
721,0,3,3,9,148,0,1,2,1,2,0,103.6413192697138,14.265292616868656,39,18,9,5,0,com,,,,86251,3
722,0,75,79,0,2080,0,12,14,12,14,8,1990.0030990681455,14.265292616868656,477,243,231,239,0,org,,,,12,3
723,0,0,1,0,25,1,1,,1,,1,8.795880017344075,14.265292616868656,5,2,3,2,0,com,,,,5513881,2
724,0,49,41,6,1144,0,5,8,5,8,2,1020.7162967730867,14.265292616868656,286,154,101,95,1,com,,,,1125,4
725,0,91,89,5,2076,1,33,15,33,15,3,1635.819003527456,14.265292616868656,441,253,227,204,0,com,,,,5196747,3
727,0,2,8,0,134,1,3,,3,,1,87.6940930169464,14.265292616868656,32,15,13,10,5,com,,,,8688666,5
729,0,7,11,0,246,1,3,1,3,1,1,180.67661980842297,14.265292616868656,65,31,20,25,0,com,,,,126,4
730,1,4,4,0,106,1,2,,2,,2,66.77435607027631,14.265292616868656,25,14,14,10,0,com,,,,5540,4
731,0,25,33,0,640,0,2,2,2,2,10,695.2576557624492,14.265292616868656,154,59,56,45,0,com,,,,3865850,2
732,0,2,1,0,31,1,1,1,1,1,1,12.348114961243537,14.265292616868656,7,3,3,4,0,com,,,,13665,4
733,1,7,7,0,159,1,4,,4,,0,130.29136641686316,14.265292616868656,49,20,13,10,0,com,,,,86251,3
734,0,4,6,0,121,1,1,,1,,0,57.10101432666205,14.265292616868656,27,12,15,14,1,com,,,,1697093,4
735,0,1,3,0,50,1,2,,2,,0,30.654408924323977,14.265292616868656,17,7,6,4,0,com,,,,303455,1
736,0,0,1,0,25,1,1,,1,,1,8.795880017344075,14.265292616868656,5,2,3,2,0,com,,,,5513881,2
739,2,5,17,1,322,0,1,4,1,4,2,224.12149441200026,14.265292616868656,63,39,17,15,0,com,,,,4785760,2
743,0,25,28,6,791,1,12,11,12,11,4,667.1142507909556,14.265292616868656,188,105,65,67,0,com,,,,5540,4
745,1,172,184,16,3950,1,29,11,29,11,6,4243.2663726352675,14.265292616868656,986,445,391,395,2,com,,,,1125,4
746,0,1,5,1,161,0,1,3,1,3,1,106.75783896364457,14.265292616868656,34,22,11,13,1,com,,,,1697093,4
750,0,2,8,0,134,1,3,,3,,1,87.6940930169464,14.265292616868656,32,15,13,10,5,com,,,,8688666,5
755,0,2,4,0,98,1,2,,2,,4,77.87135274918722,14.265292616868656,18,9,13,8,0,com,,,,144215,4
759,2,51,46,5,1188,0,8,10,8,10,2,1028.9410268054107,14.265292616868656,250,159,106,112,1,com,,,,154073,2
760,0,455,564,0,13263,1,124,64,124,64,23,15530.101935275861,14.265292616868656,3667,1316,1255,1412,1,gov,,,,3985,5
761,0,4,2,0,49,1,1,,1,,0,31.74558333511451,14.265292616868656,12,7,2,1,1,com,,,,9806,4
762,0,191,258,0,5632,1,129,54,129,54,35,6411.800526574803,14.265292616868656,1540,485,569,517,0,org,,,,12,5
763,0,0,0,0,14,1,2,,2,,0,5.915686280099798,14.265292616868656,1,2,2,,0,com,,,,11,4
764,0,75,90,2,1939,0,5,12,5,12,8,1858.2969089331734,14.265292616868656,420,255,164,179,4,com,,,,514,4
765,0,42,97,1,1785,1,93,65,93,65,17,1740.329790476156,14.265292616868656,449,147,152,135,9,org,,,,1067753,2
766,0,42,32,0,890,1,9,7,9,7,2,858.6756111687852,14.265292616868656,204,104,91,106,1,com,,,,9806,4
769,0,35,37,1,828,1,12,6,12,6,1,778.7031208942407,14.265292616868656,223,76,86,68,1,com,,,,9806,4
770,0,5,25,0,289,1,5,2,5,2,1,251.23804538345863,14.265292616868656,87,34,26,29,0,com,,,,5445,2
771,1,38,45,4,956,1,14,6,14,6,14,873.336738803204,14.265292616868656,216,114,83,100,0,com,,,,627,3
772,0,13,25,0,408,0,2,4,2,4,0,308.1525976771178,14.265292616868656,84,62,36,31,0,com,,,,5445,2
773,0,39,88,6,1365,1,16,14,16,14,8,1181.4872344928551,14.265292616868656,294,157,132,124,3,com,,,,1895954,2
774,0,0,1,0,25,1,1,,1,,1,8.795880017344075,14.265292616868656,5,2,3,2,0,us,,,,3478652,3
778,2,82,99,7,1970,0,1,3,1,3,5,1899.7105680443851,14.265292616868656,412,205,194,154,0,com,,,,2624871,1
779,0,13,11,0,286,1,4,3,4,3,4,261.4051641608933,14.265292616868656,50,30,25,30,6,com,,,,422044,4
780,2,20,22,2,448,0,2,10,2,10,0,347.0462772968007,14.265292616868656,94,56,44,26,0,com,1,,,19136,3
782,0,0,2,2,50,1,2,1,2,1,0,23.010299956639813,14.265292616868656,9,8,3,5,2,com,,,,47257,2
783,0,49,64,2,1213,1,10,1,10,1,0,1242.6498116621817,14.265292616868656,312,151,114,109,1,com,,,,43706,4
784,0,49,50,19,1158,0,12,19,12,19,16,1092.453386495312,14.265292616868656,226,144,106,71,0,com,,,,627,3
785,0,18,38,2,716,1,18,2,18,2,1,556.4400948336598,14.265292616868656,156,79,76,84,0,com,1,,,19136,2
787,0,1,23,0,178,1,2,1,2,1,3,95.48206587716503,14.265292616868656,42,21,14,17,4,com,,,,333,4
789,0,6,2,0,60,1,6,4,6,4,0,21.70651909082503,14.265292616868656,16,6,2,4,2,com,,,,59188,4
792,0,53,64,10,1224,0,7,17,7,17,8,1193.3547499821077,14.265292616868656,297,134,100,90,4,com,,,,514,4
793,0,0,3,0,43,1,1,,1,,0,24.035087702955654,14.265292616868656,9,6,7,2,0,com,,,,2412,2
794,0,2,5,0,101,1,2,1,2,1,0,44.398507549403185,14.265292616868656,26,12,9,12,0,com,,,,6437498,2
795,0,62,60,0,1032,0,7,10,7,10,10,852.4875172144302,14.265292616868656,206,102,90,63,6,com,,,,2606,1
798,0,4,8,0,168,0,2,3,2,3,1,110.50077914090332,14.265292616868656,35,16,15,23,0,com,,,,2412,2
800,0,25,35,0,661,0,,1,,1,3,612.1973149013404,14.265292616868656,140,77,67,59,0,com,,,,310,5
802,0,73,113,8,2235,0,25,50,25,50,7,2161.3336574921505,14.265292616868656,454,245,241,206,3,com,,,,170550,4
803,0,21,16,1,462,0,7,9,7,9,1,346.36347064905385,14.265292616868656,104,48,42,49,1,com,,,,9806,4
804,2,2,8,1,96,1,2,1,2,1,1,42.66658803110411,14.265292616868656,12,15,6,4,1,com,,,,5968,4
806,0,13,10,0,326,1,4,2,4,2,19,241.30215117330314,14.265292616868656,91,27,28,32,0,com,,,,1933,4
809,0,8,9,0,162,1,5,,5,,1,94.7471885960306,14.265292616868656,30,23,19,18,1,org,,,,165252,4
810,0,229,208,0,4798,0,25,50,25,50,37,5431.6568625543605,14.265292616868656,1037,485,546,528,0,org,,,,12,5
811,2,2,1,0,36,1,1,1,1,1,0,15.44373250816737,14.265292616868656,10,4,2,4,0,org,,,,1055809,4
821,0,5,5,0,111,1,2,1,2,1,0,64.336866467241,14.265292616868656,14,17,9,7,1,com,,,,108159,4
822,1,0,2,0,32,0,,1,,1,0,12.348114961243537,14.265292616868656,6,5,3,1,0,com,,,,119236,4
823,0,8,9,0,162,1,5,,5,,1,94.7471885960306,14.265292616868656,30,23,19,18,1,org,,,,165252,4
829,0,21,16,1,462,0,7,9,7,9,1,346.36347064905385,14.265292616868656,104,48,42,49,1,com,,,,9806,4
830,0,2,4,1,91,1,2,,2,,0,52.56210250797641,14.265292616868656,23,8,12,4,1,com,,,,5968,4
831,1,49,40,0,1166,0,3,7,3,7,4,1115.8060417167924,14.265292616868656,255,132,131,136,1,com,,,,10093,5
833,0,16,16,3,564,0,4,4,4,4,1,541.1251975762651,14.265292616868656,109,73,46,48,0,com,,,,1492078,3
836,0,0,2,0,19,1,1,,1,,1,7.986122593625963,14.265292616868656,4,3,1,3,0,com,,,,56,5
839,0,6,6,0,101,0,,4,,4,0,62.28453439603835,14.265292616868656,14,9,14,11,0,gov,,,,38834,5
840,0,41,51,2,1115,1,7,7,7,7,5,1078.8042032710139,14.265292616868656,236,122,114,125,0,org,,,,30839,5
841,1,62,39,2,1391,0,9,11,9,11,17,1371.8385541892135,14.265292616868656,238,164,147,122,0,com,,,,8252323,3
843,1,19,16,1,365,1,3,2,3,2,2,295.2200850286175,14.265292616868656,82,39,39,37,3,com,,,,10093,4
845,1,293,264,3,6894,1,41,39,41,39,68,8444.049626172738,14.265292616868656,1375,739,677,563,0,org,,,,12,5
846,1,40,38,3,755,0,11,16,11,16,7,636.0319799103639,14.265292616868656,149,76,69,69,0,com,,,,480,4
848,2,24,14,4,347,1,9,6,9,6,13,270.87774804565674,14.265292616868656,49,33,35,23,1,com,,,,342,3
853,0,30,36,0,715,0,4,8,4,8,9,671.3098193426079,14.265292616868656,124,76,71,66,0,com,,,,162,5
855,0,4,1,0,71,0,,1,,1,1,34.948500216800944,14.265292616868656,8,12,6,6,3,co.uk,,,,1445,4
856,0,18,21,0,559,0,2,9,2,9,1,525.3944206922179,14.265292616868656,131,51,56,48,13,com,,,,766,4
857,0,39,43,0,1078,0,7,10,7,10,3,1106.537086593784,14.265292616868656,259,120,102,111,0,com,,,,6672,4
858,1,9,18,0,380,1,5,3,5,3,2,312.3874837086828,14.265292616868656,71,45,44,38,3,com,,,,10093,4
860,0,5,7,0,154,1,5,4,5,4,2,100.74136241167494,14.265292616868656,37,12,16,7,0,org,,,,684,4
861,0,24,23,0,626,1,5,1,5,1,3,549.0020802021099,14.265292616868656,110,79,63,56,3,com,,,,1004,5
865,0,23,26,0,548,0,4,17,4,17,2,537.5627317897299,14.265292616868656,142,63,55,52,4,com,,,,647,4
867,0,63,53,4,1444,0,7,8,7,8,9,1451.6904528872751,14.265292616868656,258,184,116,138,8,org,,,,60181,3
869,0,29,109,4,2154,0,12,32,12,32,7,2280.846098274987,14.265292616868656,414,252,190,197,0,com,,,,14868,3
874,1,84,72,3,1822,0,14,23,14,23,12,1926.7049529639646,14.265292616868656,386,197,190,153,0,com,,,,480,4
877,0,22,11,1,367,0,4,5,4,5,3,328.692712325685,14.265292616868656,65,39,33,37,0,com,,,,5662,3
878,0,16,23,0,562,1,6,6,6,6,1,571.9304620948324,14.265292616868656,129,64,61,42,0,com,,,,22791,3
880,2,70,69,9,1314,1,22,5,22,5,10,1135.7453058926617,14.265292616868656,217,133,120,154,0,org,1,,,402,5
881,2,267,258,1,5900,1,94,7,94,7,121,7330.476978323948,14.265292616868656,1113,590,667,526,0,org,,,,12,5
882,0,65,57,5,1150,1,24,7,24,7,9,1028.6591912931185,14.265292616868656,181,129,106,101,2,com,,,,22506,4
884,0,14,22,0,312,1,3,3,3,3,1,278.36596281300626,14.265292616868656,53,36,28,21,15,com,,,,6672,4
885,0,52,44,0,1143,1,12,,12,,10,1194.0291746929267,14.265292616868656,209,104,127,132,0,co.uk,,,,14639,3
886,1,81,81,13,2231,0,10,15,10,15,20,2378.350692850352,14.265292616868656,362,225,238,268,0,us,,,,4433730,2
887,0,41,52,6,1288,1,21,5,21,5,12,1288.0991863303157,14.265292616868656,236,139,130,124,0,com,,,,64,5
888,0,5,4,0,91,1,1,,1,,1,69.6370835985943,14.265292616868656,24,12,14,7,3,co.uk,,,,1445,5
889,0,0,5,0,45,1,2,1,2,1,1,20.83153089845781,14.265292616868656,5,10,4,3,0,com,,,,54,3
890,0,25,20,0,574,1,9,3,9,3,12,605.9939710036268,14.265292616868656,115,57,61,53,5,com,,,,45069,4
891,0,0,2,0,19,1,1,,1,,1,7.986122593625963,14.265292616868656,4,3,1,3,0,com,,,,56,4
895,0,20,15,0,396,1,9,,9,,11,378.7111955147793,14.265292616868656,74,48,35,46,0,co.uk,,,,14639,4
902,2,408,305,1,8080,1,97,10,97,10,139,10212.41416888624,14.265292616868656,1540,847,976,776,0,org,,,,12,5
904,0,42,47,2,1035,1,11,2,11,2,12,906.6846206384384,14.265292616868656,205,86,126,98,0,com,,,,162,5
908,0,80,53,1,1536,1,15,2,15,2,21,1739.1220199280237,14.265292616868656,270,147,160,146,2,com,,,,75399,4
909,0,0,0,0,5,0,,1,,1,0,0.6020599913279624,14.265292616868656,1,,1,2,0,com,,,,22034,4
910,0,61,62,0,1170,1,23,6,23,6,26,1056.1968986207644,14.265292616868656,180,134,119,102,3,com,,,,140475,3
911,0,6,15,0,230,1,10,,10,,9,220.94083541943724,14.265292616868656,37,14,13,13,0,com,,,,162,4
913,0,9,4,0,176,1,1,,1,,3,163.66251147177633,14.265292616868656,46,17,23,9,1,com,,,,2689,4
914,0,0,2,0,10,0,,1,,1,0,0.0,14.265292616868656,1,1,,1,0,com,,,,2412,2
915,5,36,25,1,769,1,23,2,23,2,17,677.7278965642803,14.265292616868656,128,82,71,71,11,com,,,,1141,3
920,0,70,116,5,1748,1,15,7,15,7,6,1371.664662554695,14.265292616868656,249,182,184,153,8,com,,,,3753,5
921,0,36,39,0,661,1,3,1,3,1,2,374.03560855748594,14.265292616868656,87,68,75,68,0,com,,,,11,3
924,0,60,77,0,1540,1,22,8,22,8,13,1621.35083809383,14.265292616868656,255,175,145,162,0,com,,,,158409,1
925,0,90,64,4,1707,0,20,31,20,31,12,1890.6732771270217,14.265292616868656,298,194,146,184,0,org,1,,,402,5
926,0,20,26,0,391,1,3,,3,,3,367.7466437926172,14.265292616868656,54,32,49,26,3,com,,,,14153,4
927,0,976,775,0,16833,1,211,26,211,26,132,23348.403683914174,14.265292616868656,2792,1565,2212,1395,0,org,,,,12,5
929,0,20,41,2,885,1,11,4,11,4,6,825.666007372731,14.265292616868656,162,133,78,98,3,com,,,,8290,3
930,0,22,14,7,407,1,11,4,11,4,3,285.6542002274435,14.265292616868656,40,52,31,27,13,com,,,,766,4
931,0,8,7,0,115,1,2,2,2,2,0,79.80930796475737,14.265292616868656,16,12,11,8,0,org,,,,1018190,2
933,0,74,64,1,1359,1,24,9,24,9,6,1266.436799687127,14.265292616868656,207,171,119,126,3,com,,,,6895,1
935,0,112,122,2,2084,1,37,19,37,19,23,2374.8640516533737,14.265292616868656,336,227,231,186,3,com,,,,6895,3
936,0,21,18,1,458,1,18,2,18,2,4,441.5536504841147,14.265292616868656,72,41,49,24,0,com,,,,455575,4
938,0,129,122,2,2338,1,36,,36,,5,2872.0082043199195,14.265292616868656,430,253,269,212,3,com,,,,14153,4
940,0,0,2,0,19,1,1,,1,,1,7.986122593625963,14.265292616868656,4,3,1,3,0,com,,,,56,5
941,2,39,107,13,1825,1,45,25,45,25,34,1733.1810829718468,14.265292616868656,270,237,135,155,0,com,,,,21517,2
943,0,12,8,0,394,1,5,3,5,3,6,337.6851337865766,14.265292616868656,66,39,47,52,9,com,,,,3753,5
944,0,42,6,0,535,1,16,,16,,16,528.9787269423209,14.265292616868656,63,32,66,64,3,com,,,,10093,4
945,28,32,62,17,1196,1,60,15,60,15,25,1000.381355620177,14.265292616868656,196,131,100,87,0,com,,,,21517,2
947,0,10,13,0,280,1,3,1,3,1,6,220.22405952517957,14.265292616868656,39,30,26,27,0,com,,,,3797767,2
949,0,5,7,2,150,0,,1,,1,2,79.49545941137227,14.265292616868656,21,21,16,17,0,com,,,,36953,2
950,0,20,26,0,391,1,3,,3,,3,367.7466437926172,14.265292616868656,54,32,49,26,3,com,,,,83767,3
952,0,9,2,0,55,1,1,,1,,3,37.44270164963674,14.265292616868656,1,1,7,3,0,com,,,,2412,3
953,2,257,160,6,3952,1,31,10,31,10,19,4021.5042687000205,14.265292616868656,528,449,424,303,16,com,,,,6019265,2
955,0,0,2,0,18,1,1,,1,,0,2.8927900303521317,14.265292616868656,4,2,2,2,0,com,,,,2412,3
957,0,24,27,1,639,1,9,5,9,5,7,669.1603763526929,14.265292616868656,121,69,70,64,9,com,,,,9287,4
958,0,25,31,0,723,0,3,4,3,4,1,568.4581580529982,14.265292616868656,115,95,64,86,3,com,,,,8532,3
959,0,18,23,4,452,0,1,9,1,9,6,368.369587513801,14.265292616868656,77,47,34,49,3,com,,,,114514,3
961,0,222,131,1,3603,1,47,7,47,7,38,4250.457129461212,14.265292616868656,642,355,395,304,0,org,,,,12,3
962,0,2,2,0,58,1,1,,1,,0,39.918364886254174,14.265292616868656,8,8,2,3,1,org,1,,,761353,3
963,1,563,453,3,11931,1,128,26,128,26,89,15450.95828587406,14.265292616868656,2055,1159,1296,1132,0,org,,,,12,4
966,0,0,2,0,28,0,1,1,1,1,0,10.251199554084552,14.265292616868656,2,2,5,,0,com,,,,5270187,3
968,6,118,110,10,2465,1,26,7,26,7,39,2631.222160763578,14.265292616868656,373,297,196,169,0,com,,,,8252323,4
969,0,43,36,1,716,1,11,2,11,2,8,725.9078946489425,14.265292616868656,118,78,62,62,0,com,,,,480,4
971,0,2,5,0,76,0,,1,,1,0,36.840641658308776,14.265292616868656,11,7,8,10,3,org,,,,181041,3
973,0,55,33,2,923,1,9,2,9,2,2,833.1514665660414,14.265292616868656,146,94,93,102,0,com,,,,162,4
976,0,0,1,0,23,1,1,,1,,1,11.455319536740477,14.265292616868656,3,4,5,2,0,com,,,,1114,4
978,0,37,38,0,810,1,16,3,16,3,9,891.5171713196346,14.265292616868656,141,91,76,76,1,com,,,,64,4
979,0,36,36,1,840,0,7,7,7,7,4,946.2254307318954,14.265292616868656,169,99,79,76,7,com,,,,1645,4
981,0,1,0,0,13,1,1,,1,,0,4.668907502301862,14.265292616868656,5,,2,2,0,com,,,,1176346,2
982,2,31,17,1,492,1,7,,7,,1,419.6783153098707,14.265292616868656,125,49,54,45,1,com,,,,9806,4
983,0,4,4,0,53,0,,1,,1,3,24.8164799306237,14.265292616868656,5,7,5,2,5,com,,,,160808,3
987,0,57,58,0,1290,1,4,2,4,2,4,1224.0856516098238,14.265292616868656,240,149,151,183,14,com,,,,326984,4
989,0,13,10,0,249,1,7,2,7,2,3,196.6035634313572,14.265292616868656,59,22,28,23,3,com,,,,10093,4
991,0,16,31,1,596,0,6,9,6,9,1,496.4816575019742,14.265292616868656,113,87,58,49,3,com,,,,22506,3
996,2,35,29,0,554,1,10,5,10,5,8,532.2986139269959,14.265292616868656,93,59,67,47,0,com,,,,480,4
